episode,reward,loss,epsilon
1,-13.0,0,1.0
2,-20.0,2.709982991218567,0.9990002500000001
